-- MySQL dump 10.13  Distrib 5.5.46, for debian-linux-gnu (x86_64)
--
-- Host: 0.0.0.0    Database: pset7
-- ------------------------------------------------------
-- Server version	5.5.46-0ubuntu0.14.04.2

/*!40101 SET @OLD_CHARACTER_SET_CLIENT=@@CHARACTER_SET_CLIENT */;
/*!40101 SET @OLD_CHARACTER_SET_RESULTS=@@CHARACTER_SET_RESULTS */;
/*!40101 SET @OLD_COLLATION_CONNECTION=@@COLLATION_CONNECTION */;
/*!40101 SET NAMES utf8 */;
/*!40103 SET @OLD_TIME_ZONE=@@TIME_ZONE */;
/*!40103 SET TIME_ZONE='+00:00' */;
/*!40014 SET @OLD_UNIQUE_CHECKS=@@UNIQUE_CHECKS, UNIQUE_CHECKS=0 */;
/*!40014 SET @OLD_FOREIGN_KEY_CHECKS=@@FOREIGN_KEY_CHECKS, FOREIGN_KEY_CHECKS=0 */;
/*!40101 SET @OLD_SQL_MODE=@@SQL_MODE, SQL_MODE='NO_AUTO_VALUE_ON_ZERO' */;
/*!40111 SET @OLD_SQL_NOTES=@@SQL_NOTES, SQL_NOTES=0 */;

--
-- Table structure for table `history`
--

DROP TABLE IF EXISTS `history`;
/*!40101 SET @saved_cs_client     = @@character_set_client */;
/*!40101 SET character_set_client = utf8 */;
CREATE TABLE `history` (
  `id` int(10) unsigned NOT NULL AUTO_INCREMENT,
  `user_id` int(10) unsigned NOT NULL,
  `symbol` varchar(255) NOT NULL,
  `shares` int(10) unsigned NOT NULL,
  `transaction` varchar(255) NOT NULL,
  `price` float(65,4) NOT NULL,
  `time` timestamp NOT NULL DEFAULT CURRENT_TIMESTAMP,
  PRIMARY KEY (`id`)
) ENGINE=InnoDB AUTO_INCREMENT=11 DEFAULT CHARSET=latin1;
/*!40101 SET character_set_client = @saved_cs_client */;

--
-- Dumping data for table `history`
--

LOCK TABLES `history` WRITE;
/*!40000 ALTER TABLE `history` DISABLE KEYS */;
INSERT INTO `history` VALUES (3,9,'AMD',2,'Buy',10.6600,'2016-12-17 12:30:41'),(4,9,'BAC',10,'Sell',22.6600,'2016-12-17 12:30:56'),(5,11,'INTC',12,'Buy',36.3100,'2016-12-17 12:31:55'),(6,9,'FREE',12,'Buy',1.1500,'2016-12-17 13:24:03'),(7,12,'AMD',12,'Buy',10.6600,'2016-12-17 16:25:38'),(8,12,'BAC',10,'Buy',22.6600,'2016-12-17 16:35:22'),(9,12,'AMD',1,'Sell',10.6600,'2016-12-17 16:35:31'),(10,12,'AMD',1,'Buy',10.6600,'2016-12-17 16:36:58');
/*!40000 ALTER TABLE `history` ENABLE KEYS */;
UNLOCK TABLES;

--
-- Table structure for table `shares`
--

DROP TABLE IF EXISTS `shares`;
/*!40101 SET @saved_cs_client     = @@character_set_client */;
/*!40101 SET character_set_client = utf8 */;
CREATE TABLE `shares` (
  `id` int(10) unsigned NOT NULL AUTO_INCREMENT,
  `user_id` int(10) unsigned NOT NULL,
  `symbol` varchar(255) NOT NULL,
  `shares` int(10) NOT NULL,
  PRIMARY KEY (`id`),
  UNIQUE KEY `user_id` (`user_id`,`symbol`)
) ENGINE=InnoDB AUTO_INCREMENT=19 DEFAULT CHARSET=latin1;
/*!40101 SET character_set_client = @saved_cs_client */;

--
-- Dumping data for table `shares`
--

LOCK TABLES `shares` WRITE;
/*!40000 ALTER TABLE `shares` DISABLE KEYS */;
INSERT INTO `shares` VALUES (11,9,'BAC',90),(12,9,'AMD',30),(14,11,'INTC',12),(15,9,'FREE',12),(16,12,'AMD',12),(17,12,'BAC',10);
/*!40000 ALTER TABLE `shares` ENABLE KEYS */;
UNLOCK TABLES;

--
-- Table structure for table `users`
--

DROP TABLE IF EXISTS `users`;
/*!40101 SET @saved_cs_client     = @@character_set_client */;
/*!40101 SET character_set_client = utf8 */;
CREATE TABLE `users` (
  `id` int(10) unsigned NOT NULL AUTO_INCREMENT,
  `username` varchar(255) NOT NULL,
  `hash` varchar(255) NOT NULL,
  `cash` decimal(65,4) unsigned NOT NULL DEFAULT '0.0000',
  PRIMARY KEY (`id`),
  UNIQUE KEY `username` (`username`)
) ENGINE=InnoDB AUTO_INCREMENT=14 DEFAULT CHARSET=latin1;
/*!40101 SET character_set_client = @saved_cs_client */;

--
-- Dumping data for table `users`
--

LOCK TABLES `users` WRITE;
/*!40000 ALTER TABLE `users` DISABLE KEYS */;
INSERT INTO `users` VALUES (1,'andi','$2y$10$c.e4DK7pVyLT.stmHxgAleWq4yViMmkwKz3x8XCo4b/u3r8g5OTnS',10000.0000),(2,'caesar','$2y$10$0p2dlmu6HnhzEMf9UaUIfuaQP7tFVDMxgFcVs0irhGqhOxt6hJFaa',10000.0000),(3,'eli','$2y$10$COO6EnTVrCPCEddZyWeEJeH9qPCwPkCS0jJpusNiru.XpRN6Jf7HW',10000.0000),(4,'hdan','$2y$10$o9a4ZoHqVkVHSno6j.k34.wC.qzgeQTBHiwa3rpnLq7j2PlPJHo1G',10000.0000),(5,'jason','$2y$10$ci2zwcWLJmSSqyhCnHKUF.AjoysFMvlIb1w4zfmCS7/WaOrmBnLNe',10000.0000),(6,'john','$2y$10$dy.LVhWgoxIQHAgfCStWietGdJCPjnNrxKNRs5twGcMrQvAPPIxSy',10000.0000),(7,'levatich','$2y$10$fBfk7L/QFiplffZdo6etM.096pt4Oyz2imLSp5s8HUAykdLXaz6MK',10000.0000),(8,'rob','$2y$10$3pRWcBbGdAdzdDiVVybKSeFq6C50g80zyPRAxcsh2t5UnwAkG.I.2',10000.0000),(9,'skroob','$2y$10$cILTGW1gqtgCYtX3t45oW.V7TgAClSidRFhxWV72O.UtJFtL7cdsW',7571.0000),(10,'zamyla','$2y$10$UOaRF0LGOaeHG4oaEkfO4O7vfI34B1W23WqHr9zCpXL68hfQsS3/e',10000.0000),(11,'dfghj','$2y$10$5eWMHNkBpuxNIksiWwIBGeBw3dqhJTBGj/7BCwh6nFMoumS/Y6WVm',9564.2800),(12,'noshares','$2y$10$1Dq6cMCJb5qppvHs9ZJR8uczIGuDSwoOr8u0RObbTYUFyww30bqBC',9645.4800);
/*!40000 ALTER TABLE `users` ENABLE KEYS */;
UNLOCK TABLES;
/*!40103 SET TIME_ZONE=@OLD_TIME_ZONE */;

/*!40101 SET SQL_MODE=@OLD_SQL_MODE */;
/*!40014 SET FOREIGN_KEY_CHECKS=@OLD_FOREIGN_KEY_CHECKS */;
/*!40014 SET UNIQUE_CHECKS=@OLD_UNIQUE_CHECKS */;
/*!40101 SET CHARACTER_SET_CLIENT=@OLD_CHARACTER_SET_CLIENT */;
/*!40101 SET CHARACTER_SET_RESULTS=@OLD_CHARACTER_SET_RESULTS */;
/*!40101 SET COLLATION_CONNECTION=@OLD_COLLATION_CONNECTION */;
/*!40111 SET SQL_NOTES=@OLD_SQL_NOTES */;

-- Dump completed on 2016-12-17 16:40:38
